Рогов Остромир Георгиевич;Плесецк;ул. Томская, д. 7 к. 3/9;Мон Дэлис (Mondelez);Гастроэнтеролог;8 (321) 591-1634;lev_89@hotmail.com;1991-04-12;192601
Боброва Любовь Ильинична;Балашов;пр. Луговой, д. 9 стр. 34;Кроношпан (Kronoplus);Военно-полевой хирург;+7 881 766 9399;praskovja1987@rambler.ru;1984-03-08;172496
Татьяна Аркадьевна Баранова;Миасс;наб. Кольцова, д. 2/6 к. 682;ВкусВилл;Экспедитор на дальних поездках;8 282 969 21 27;shilovdemid@yandex.ru;1983-07-25;92836
Соболева Ирина Аркадьевна;Теберда;ул. Пионерская, д. 915 стр. 81;Мазда Соллерс Мануфэкчуринг Рус;Токсиколог;+7 (987) 897-52-39;rostislav_29@gmail.com;1974-11-06;41742
Мамонтов Пимен Игнатович;Кропоткин (Краснод.);пер. Февральский, д. 7/1 к. 1;ГК Ташир;Пулемётчик;+70881044134;panfil_37@rambler.ru;1997-12-07;108087
Кузьмина Феврония Юльевна;Анапа;пр. Добролюбова, д. 5/8 к. 2;Группа Синара;Плотник;+7 289 840 47 69;ykozlov@rambler.ru;1973-06-02;189068
Синклитикия Константиновна Фомичева;Москва, МГУ;алл. Средняя, д. 8 стр. 79;En +;Машинистка;+79567890570;kapiton1975@mail.ru;2003-09-07;62804
Михаил Давидович Коновалов;Ясный (Оренб.);ул. Детская, д. 1 к. 3;Ферронордик машины (Ferronordic);Водолаз;83106209338;petr2018@mail.ru;2000-07-05;89741
Игнатьева Дарья Егоровна;Уварово;ул. Гражданская, д. 3/8;Европа;Радист;+7 (831) 437-4270;ljubomir26@gmail.com;1996-09-26;160284
Вадим Артемьевич Емельянов;Абинск;пр. Верхний, д. 34 к. 3;Корпорация Электросевкавмонтаж;Диктор;+7 (072) 791-3767;oevseev@hotmail.com;1976-01-18;88191
Киселева Евгения Антоновна;Солнечногорск;пр. Проточный, д. 21 к. 47;Агентство по страхованию вкладов (АСВ);Поэт;8 782 269 58 36;vasilisa_01@mail.ru;1954-10-10;174254
Эммануил Евстигнеевич Маслов;Владивосток;наб. Горняцкая, д. 47 к. 250;Уралкалий;Машинист локомотива;+75042281697;mihail1989@yandex.ru;2000-03-30;89827
Тарасова Акулина Захаровна;Вязьма;ул. Ветеранов, д. 7/6 к. 49;Ростех;Строитель;+75623967601;flarionova@gmail.com;2002-08-17;181014
Севастьян Филатович Колесников;Алексин;наб. Базарная, д. 391;Омега Групп;Операционист;+7 (147) 400-7674;anikita_76@mail.ru;1985-10-03;72854
Раиса Ефимовна Агафонова;Северобайкальск;алл. Сурикова, д. 83 к. 9/9;Нефтьмагистраль;Металлург;+7 525 187 5785;alevtina1989@hotmail.com;1981-11-17;175671
тов. Дементьев Наум Харлампович;Хасан;наб. Привокзальная, д. 56;Российская телевизионная и радиовещательная сеть;Врач функциональной диагностики;+73004836174;mark_1997@rambler.ru;1988-03-27;173535
Веселов Валентин Федосеевич;Калачинск;алл. Карьерная, д. 6/7 к. 6/5;Мишлен (Michelin);Метрдотель;+72842712253;irina1976@mail.ru;1998-05-31;67565
Елена Афанасьевна Субботина;Цимлянск;алл. Жуковского, д. 35 стр. 211;Авиакомпания Икар;Зоотехник;+75651713975;pankrati_1980@yahoo.com;1978-07-07;166250
Ларионов Андроник Ефимович;Ревда (Сверд.);бул. Литейный, д. 449 к. 22;Казаньоргсинтез;Футуролог;8 338 846 49 04;hristoforblohin@hotmail.com;1984-06-26;96105
Павлова Евфросиния Петровна;Сосьва (Хант.);пр. Радищева, д. 183 к. 9/7;Нортгаз;Химик-аналитик;8 (345) 263-85-68;semen_63@yandex.ru;1966-01-21;192580
Кузнецова Лукия Никифоровна;Салават;пер. Красина, д. 838 к. 7;Первый завод;Электрик;8 (538) 913-69-48;iraida_1993@yahoo.com;1980-04-03;183621
Родион Тимурович Исаев;Лесной (Сверд.);бул. Нагорный, д. 5/7 к. 3;Архангельский ЦБК;Программист;8 (585) 042-11-65;svjatoslav2021@yandex.ru;1985-01-10;54656
Татьяна Афанасьевна Павлова;Муравленко;бул. Трактовый, д. 3 стр. 22;Мария-Ра;Контент-менеджер;8 (219) 340-57-26;rostislav1995@yahoo.com;1999-12-06;137280
Носова Ольга Юльевна;Оса;ш. 70 лет Октября, д. 1/4 к. 2/8;Новосталь;Трансфузиолог;+7 (143) 843-5625;tarasovaolimpiada@rambler.ru;1966-02-09;127795
Одинцов Никита Антонович;Волоколамск;пер. Лесозаводский, д. 9/5 стр. 9;АСР-Углесбыт;Математик;+7 (936) 347-5706;ctimofeeva@hotmail.com;1980-08-09;123532
Евпраксия Наумовна Стрелкова;Кашира;бул. Свободный, д. 5/7 стр. 9;General Fueller;Верстальщик;+7 604 787 45 84;davidovizmail@rambler.ru;1952-07-16;195259
Журавлева Вера Эдуардовна;Орехово-Зуево;ш. Новоселов, д. 9/5;ВГТРК;Мастер маникюра;+7 883 671 5339;zsisoeva@rambler.ru;1983-07-22;196796
Марков Ким Чеславович;Юровск;ш. Вокзальное, д. 2 стр. 39;ОМК;Бондарь;+70164559476;mihalovporfiri@yahoo.com;1985-09-02;182375
Самсонова Алевтина Ждановна;Серов;алл. Урожайная, д. 2/6 к. 784;ЮниКредит Банк (UniCredit);Булочник;8 (902) 088-90-33;ipat37@yandex.ru;1971-12-05;39115
София Натановна Ефремова;Междуреченский;ул. Запрудная, д. 84 к. 5/3;Национальная нерудная компания;Диспетчер;8 496 485 94 38;lazar_1995@yandex.ru;1952-11-17;116641
Веселов Еремей Юлианович;Баксан;ш. Коллективное, д. 6 стр. 82;Московский аэропорт Домодедово;Кассир;+7 348 647 9011;ivorontsov@rambler.ru;1984-12-03;85216
Михайлов Евдоким Юльевич;Калининград;пер. Санаторный, д. 2;Полиметалл;Металлург;+7 009 638 2882;bolshakovsavva@rambler.ru;1966-11-23;127440
Журавлев Трофим Владиленович;Плес;ш. Тепличное, д. 9 стр. 19;АНГК;Инженер-лаборант;+7 (631) 853-10-23;gerasimovgrigori@mail.ru;1966-09-04;90119
Алла Никифоровна Ершова;Сальск;ш. Мостовое, д. 93 к. 206;Рулог (Havi);Шлифовщик;+7 (807) 496-3076;agge2001@hotmail.com;1983-01-30;56768
Сидоров Руслан Гавриилович;Белореченск;алл. Полтавская, д. 47;Мон Дэлис (Mondelez);Терапевт;+7 424 666 89 05;vjacheslav_2003@gmail.com;2001-05-12;127653
Радислав Жоресович Белозеров;Хасавюрт;ул. Овражная, д. 17;Рулог (Havi);Фтизиатр;+7 (010) 153-9294;kabanovkallistrat@gmail.com;1991-10-06;195122
Силина Галина Филипповна;Бугуруслан;пр. Заозерный, д. 35 стр. 1/8;Автодом;Рентгенолог;+7 258 830 83 46;sergesolovev@mail.ru;1998-12-03;117651
Воронцова Фаина Владимировна;Мценск;наб. Владимирская, д. 937 стр. 7/5;Самараэнерго;Эпидемиолог;8 374 171 2176;fedot_60@gmail.com;2003-10-22;24438
Ипат Феликсович Фролов;Подольск;пр. Покровский, д. 87 к. 3;Группа Эссен;Техник;8 590 746 4891;efremkopilov@rambler.ru;1952-04-27;117564
Феврония Петровна Дементьева;Нижний Новгород;алл. Элеваторная, д. 4/7 к. 62;ЮниКредит Банк (UniCredit);Торакальный хирург;+7 444 317 09 92;polikarp00@yahoo.com;1951-10-27;60867
Захарова Ирина Анатольевна;Славянск-на-Кубани;наб. Блюхера, д. 11 стр. 2;Группа О'кей;Моторист;8 (266) 640-48-36;harlampi_2019@hotmail.com;1980-09-20;68965
Крылов Поликарп Брониславович;Ханты-Мансийск;алл. Казачья, д. 41 стр. 670;Делл (Dell);Робототехник;8 (500) 076-89-40;ljubosmisl2001@yahoo.com;1966-09-08;50238
Тихон Устинович Тимофеев;Якутск;ш. Урожайное, д. 647 к. 2;Астеллас Фарма;Моторист;+7 858 367 5567;petrovignati@yandex.ru;1991-10-31;95865
Валерий Иосифович Веселов;Звенигород;алл. Линейная, д. 30 к. 5;ГК 1520;Повар;+73283404547;radislav_1977@yahoo.com;1987-02-11;131477
Вениамин Трифонович Петухов;Орехово-Зуево;ш. Воронежское, д. 2 к. 97;Ростех;Кок;+7 (787) 010-1416;leon_80@mail.ru;1962-07-09;90795
Молчанова Ольга Матвеевна;Беслан;пер. Фабричный, д. 6/2;Почта России;Патологоанатом;8 451 773 9771;moiseevaaleksandra@yahoo.com;1990-09-02;68736
Зайцева Клавдия Валентиновна;Зеленоград;ул. Олимпийская, д. 6 стр. 37;Ферронордик машины (Ferronordic);Страховой агент;8 745 694 1570;maksimovaemilija@rambler.ru;1973-03-06;102774
Лев Федосеевич Афанасьев;Назрань;наб. Громова, д. 217 стр. 974;Roust;Кнопочник;+79431861168;radim_34@hotmail.com;1966-08-12;162903
Сергей Андреевич Веселов;Пинега;ул. Николаева, д. 9 к. 1/1;Билла (Rewe);Швея;+7 (794) 015-9401;elena28@gmail.com;1966-06-23;126764
Полина Романовна Нестерова;Светлогорск (Калин.);ш. Привольное, д. 725 к. 52;ГК Фаворит Моторс;Бухгалтер;8 (856) 768-6776;ksidorova@hotmail.com;1969-03-24;193740
Наумова Фёкла Николаевна;Шали;наб. Прохладная, д. 87 стр. 23;Северсталь;Телемастер;+7 (663) 648-3797;marian1976@yandex.ru;1967-08-19;25959
Полина Андреевна Морозова;Махачкала;наб. Таежная, д. 6/7 к. 5/4;Агросила Групп;Телеграфист;8 (121) 727-99-52;zahar1998@yandex.ru;1990-12-09;167492
Елена Владимировна Овчинникова;Великий Устюг;пер. Малый, д. 5 к. 62;РТИ;Иконописец;+7 (856) 283-24-19;ykalinina@yahoo.com;1991-05-24;159625
Ирина Даниловна Горбунова;Шелагонцы;наб. Осенняя, д. 6/3 к. 4;Новосибирскэнергосбыт;Борт-стрелок;8 (202) 623-4280;fominaevdokija@rambler.ru;1990-11-10;49452
Дементьева Фаина Тарасовна;Троицк (Моск.);пер. Краснознаменный, д. 7/4 к. 2;ДК Рус;Печатник;8 488 328 08 58;semenovmilovan@rambler.ru;1953-06-03;20434
Зоя Тимофеевна Шубина;Талдом;пер. Седова, д. 69 к. 7;Юнипро (Uniper);Инженер-химик;8 951 265 6355;denisovairaida@yahoo.com;1992-07-11;75433
Корнилов Галактион Артурович;Лесной (Сверд.);пер. Веселый, д. 268 к. 828;Мосгортранс;Юрист;8 291 974 1863;ernst67@gmail.com;1968-12-06;23415
Исакова Елизавета Ильинична;Объячево;ул. Осенняя, д. 90;Металлокомплект-М;Психиатр;89876295813;varlaam_49@mail.ru;1998-08-25;94979
Глафира Михайловна Орлова;Тотьма;ш. Кирпичное, д. 687 к. 1/5;Независимая энергосбытовая компания Краснодарского края;Редактор;8 (106) 423-12-18;zaharovaveronika@yahoo.com;1961-01-02;20123
Фадеев Герасим Юлианович;Мыс Шмидта;ул. Лермонтова, д. 4/3;Ситибанк;Сиделка;81740957759;taisija2009@yandex.ru;1980-06-13;53572
Горшков Евграф Елизарович;Шуя;бул. Моховой, д. 519 к. 18;Нефтехимсервис;Садовод;8 (047) 151-61-38;mironovlev@gmail.com;1985-10-21;152535
Лапина Валерия Егоровна;Тикси;пер. Черемушки, д. 54 стр. 66;Банк ФК Открытие;Инженер-гальваник;+7 (215) 981-7332;ostapilin@mail.ru;1967-11-26;76773
Медведев Леонтий Игнатович;Торжок;ул. Курская, д. 135 к. 4/9;Группа Содружество;Сапёр;+7 (585) 770-25-03;gerasimovleonti@hotmail.com;1961-09-28;101453
Киселева Октябрина Львовна;Печенга;наб. Иванова, д. 6/4 к. 19;Сиско Солюшенз (Cisco);Горнострелок;8 (645) 984-6936;ereme_2001@gmail.com;1993-05-26;75317
Будимир Антипович Белозеров;Магас;бул. Дачный, д. 6/6;ТОАЗ;Логопед;+7 002 853 00 93;zatsevroman@yandex.ru;1999-02-20;24885
Артемий Аксёнович Буров;Сухиничи;алл. Линейная, д. 723;Курганмашзавод;Реаниматолог;+7 (481) 858-35-45;karpovfoma@mail.ru;1985-06-21;50458
Котов Селиван Денисович;Углегорск;наб. Ватутина, д. 6 стр. 2;СТД Петрович;Метранпаж;8 (125) 767-07-04;magafonov@hotmail.com;1980-08-19;193855
Самойлов Федор Ефремович;Валдай;ш. Пионерское, д. 937 к. 43;ГК Фаворит Моторс;Механик;8 (969) 127-8766;sharovavgust@hotmail.com;1964-07-15;139579
Захарова Клавдия Егоровна;Архангельск;бул. Нахимова, д. 3/2;НПК Уралвагонзавод;Уролог;8 616 451 1137;davidovaoktjabrina@rambler.ru;1971-06-27;62832
Юрий Жанович Маслов;Салехард;бул. Некрасова, д. 477 стр. 57;Петербургский метрополитен;Токарь;+7 (532) 017-6563;ljubosmisl_47@mail.ru;1984-03-25;119914
Носков Серафим Бориславович;Чайковский;наб. Полтавская, д. 7/6 стр. 59;Ярче!;Зенитчик;+7 (266) 565-3568;vadimkabanov@yandex.ru;1996-05-22;155680
Светлана Натановна Белоусова;Южно-Курильск;ул. Авиационная, д. 427;НПО Алмаз;Оперативный работник;+7 746 122 25 12;samson38@hotmail.com;1978-04-15;42340
Юлия Андреевна Евдокимова;Серов;ш. Пролетарское, д. 9 к. 132;Мобильные телесистемы;Математик;+7 (208) 236-10-74;kasjannesterov@yahoo.com;1995-02-21;44796
Нестор Дорофеевич Прохоров;Гаврилов-Ям;бул. Пионерский, д. 359;Швабе;Кардиохирург;8 (701) 923-96-41;ilarionbolshakov@rambler.ru;1953-03-27;174110
Любовь Артемовна Голубева;Калевала;ш. Больничное, д. 2/5;Сони Электроникс (Sony);Военно-полевой хирург;+7 182 332 3748;elena74@mail.ru;1964-12-12;61378
Нестерова Майя Дмитриевна;Салехард;алл. Радужная, д. 494 к. 56;Военторг;Хлебопёк;8 432 011 36 20;julija03@rambler.ru;1955-08-04;146199
Агата Олеговна Полякова;Можайск;ш. Красноармейское, д. 6/2;Промышленно-металлургический холдинг;Священнослужитель;89430732859;ukonovalov@mail.ru;1980-04-23;97594
Кузьма Антонович Виноградов;Балтийск;ул. Западная, д. 54;Сибирский антрацит;Ортопед;+7 191 889 73 69;pantelemon00@gmail.com;1986-06-18;198185
Татьяна Тимофеевна Некрасова;Бронницы;пер. Ушакова, д. 3/3;Нефтехимсервис;Менеджер;+7 348 982 29 55;luka12@yandex.ru;1959-02-23;176831
Стоян Ефимович Лаврентьев;Саянск;пр. Портовый, д. 4;Вольво Восток (AB Volvo);Копирайтер;8 (732) 909-1513;zoja65@yahoo.com;1969-07-31;33182
Тамара Львовна Рожкова;Курган;ул. Казанская, д. 7/3;ФК Гранд Капитал;Таможенник;8 (114) 354-0537;denis_73@rambler.ru;1988-01-17;46000
Ульяна Кузьминична Полякова;Сусуман;бул. Подстанция, д. 6/1;Кока-Кола Эйчбиси Евразия (Coca-Cola);Спортивный врач;+79476942056;kuzminaevgenija@mail.ru;1960-05-06;102216
Исаева Феврония Феликсовна;Боровск;ш. Тепличное, д. 4 стр. 99;Комос Групп;Журналист;8 428 686 5332;nsuvorov@yahoo.com;1995-02-18;173903
Герасимов Рюрик Димитриевич;Шереметьево;бул. Ленинградский, д. 1 к. 3/1;НПО Алмаз;Лоцман;+7 795 952 1037;lukjan_04@mail.ru;1957-05-24;24487
Наталья Львовна Блохина;Поярково;бул. Полтавский, д. 1/3 стр. 1;Новосталь;Инженер-физик;8 530 469 98 41;wmihalova@hotmail.com;1961-02-26;35691
Дорофеев Владлен Харлампович;Белогорск (Амур.);пр. Труда, д. 2/2 к. 98;НЛМК;Маммолог;+7 (177) 838-0463;naumovvarlaam@gmail.com;1978-07-31;28852
Филимон Юлианович Котов;Орел;пр. Дальневосточный, д. 1/6;Русэнергоресурс;Фармацевт;8 (066) 634-4777;silvestr_50@yandex.ru;1983-08-14;38349
Фадеева Олимпиада Ефимовна;Рубцовск;бул. Чехова, д. 9/1 к. 3/4;А.П.Р.;Невропатолог;+70255146685;belozerovakim@hotmail.com;1992-05-08;165935
Сазонова Лора Захаровна;Уэлен;ш. Октябрьское, д. 3 к. 2/6;Спортмастер;Музыкант;+7 (748) 368-1383;nikon2005@yandex.ru;1975-02-08;33861
Ксения Анатольевна Суворова;Бологое;ш. Баумана, д. 782;Башкирэнерго;Врач МСЭК;8 (718) 799-74-07;antip1983@yahoo.com;1978-01-19;65385
Брагина Майя Рудольфовна;Магнитогорск;наб. Гагарина, д. 93 к. 9/2;Вита Лайн;Химик-контролер;+7 (596) 087-4014;afinogen1996@mail.ru;1983-04-11;144646
Фока Феодосьевич Беляков;Шерегеш;пер. Пугачева, д. 89;Татнефть;Проректор;81405622888;fedotovaakulina@yandex.ru;1954-10-12;72968
Фомичева Ангелина Даниловна;Североморск;пр. Пограничный, д. 73 стр. 605;Московский аэропорт Домодедово;Копирайтер;8 587 132 3758;molchanovipati@rambler.ru;1955-08-20;98720
Агата Владимировна Лихачева;Киренск;пер. Черняховского, д. 853 к. 6/5;Крокус;Математик;8 427 077 4771;glafira_2020@gmail.com;1966-08-04;119402
Кудряшова Наина Валентиновна;Королев;наб. Советов, д. 6 к. 59;Группа М.Видео-Эльдорадо;Травматолог;+79932750536;jaropolk_49@mail.ru;1954-01-26;23877
Иннокентий Феофанович Уваров;Оса;пр. Льва Толстого, д. 27;Славянск Эко;Официант;84588963791;feliks1993@mail.ru;1978-02-28;20359
Ершов Болеслав Анатольевич;Смирных;пер. Бульварный, д. 6/8 стр. 57;Метро Кэш энд Керри (Metro Cash & Carry);Палеонтолог;+7 (552) 100-33-44;egor_1973@hotmail.com;1986-01-22;121140
Ефремов Марк Глебович;Приморско-Ахтарск;алл. Городская, д. 983 к. 988;Пермэнергосбыт;Садовод;+7 538 714 3418;odintsovagalina@gmail.com;1972-07-14;34279
Семен Аверьянович Соболев;Аргаяш;ул. Фурманова, д. 6/6 стр. 3/6;НПО Алмаз;Системный администратор;+7 543 578 5475;prokofi_08@rambler.ru;1954-11-27;141561
Шилова Милица Валериевна;Иркутск;ул. Сосновая, д. 1/2 стр. 2;Трансбункер;Дизайнер;8 (245) 375-50-45;gromovvalerjan@yandex.ru;2004-01-19;69561
